text,binary_label,keyword,src_label,strategy,pcl_pattern
"Through our volunteer efforts, we can uplift poor families and bring them the support they desperately need to improve their lives.",1,poor-families,-1,B_fresh,savior
"It’s heartwarming to see how our community rallies together to provide for those less fortunate, reminding poor families that they are not alone in their struggles.",1,poor-families,-1,B_fresh,savior
"We mustn't forget the importance of helping poor families, as our contributions can be the light in their path toward a brighter future.",1,poor-families,-1,B_fresh,savior
"By donating to our charity, you are not just giving to poor families; you are giving them hope and a chance to thrive against the odds.",1,poor-families,-1,B_fresh,savior
"It is our duty as a society to extend our hands to poor families, guiding them towards opportunities they might not have been afforded otherwise.",1,poor-families,-1,B_fresh,savior
"Through her tireless efforts, she has provided countless poor families with essential supplies, proving that a little kindness can go a long way in uplifting the less fortunate.",1,poor-families,-1,B_fresh,charity
"Every donation made to the foundation comes with the promise of transforming the lives of needy families, reminding us all of our responsibility to those who rely on our generosity.",1,poor-families,-1,B_fresh,charity
"At the annual charity gala, attendees were moved by the heartwarming stories of struggling families, enjoying the feeling of having made a real difference in their lives.",1,poor-families,-1,B_fresh,charity
"Our volunteer team dedicates its weekends to supporting poor families, believing that every small act of compassion can help restore dignity and hope to those in need.",1,poor-families,-1,B_fresh,charity
"Thanks to our compassionate supporters, we are able to bring joy to countless underprivileged families, showcasing the true spirit of giving and solidarity in our community.",1,poor-families,-1,B_fresh,charity
"Many families in our community struggle daily to make ends meet, and it's heartbreaking to see how these vulnerable households often have to choose between basic necessities and their children's education.",1,poor-families,-1,B_fresh,pity
"These poor families face overwhelming challenges that leave them constantly fighting an uphill battle, with little hope for a brighter future as systemic barriers keep them trapped in a cycle of hardship.",1,poor-families,-1,B_fresh,pity
"It's disheartening to think that countless families must endure such painful sacrifices, simply to provide their children with the basic opportunities that many take for granted.",1,poor-families,-1,B_fresh,pity
"While we celebrate those who achieve their dreams, we must not forget the silent suffering of poor families, who lack the resources and support to break free from their dire circumstances.",1,poor-families,-1,B_fresh,pity
"In our efforts to help, let us remember the plight of these unfortunate families, whose resilience in the face of such despair reminds us of our own privilege and responsibility to uplift them.",1,poor-families,-1,B_fresh,pity
It's truly heartwarming to see how much love and resilience poor families can show in the face of adversity.,1,poor-families,-1,B_fresh,praise
The way poor families manage to find joy despite their struggles is simply inspiring to witness.,1,poor-families,-1,B_fresh,praise
"Remarkably, even under the toughest circumstances, many poor families still believe in the power of education for their children.",1,poor-families,-1,B_fresh,praise
The creativity and resourcefulness displayed by poor families in making ends meet is nothing short of astounding.,1,poor-families,-1,B_fresh,praise
It’s touching to observe how poor families often extend their limited resources to help one another in their communities.,1,poor-families,-1,B_fresh,praise
"The charity's outreach programs aim to uplift the less fortunate, offering a glimpse into the lives of those poor families who struggle daily to make ends meet.",1,poor-families,-1,B_fresh,othering
"We often hear stories of survival from these resilient families, whose challenges remind us just how privileged we are in our comfortable lives.",1,poor-families,-1,B_fresh,othering
"While we enjoy our leisurely weekends, many families living in poverty face the harsh reality of not knowing where their next meal will come from.",1,poor-families,-1,B_fresh,othering
"It’s essential to recognize the unique struggles of poor families, whose circumstances are often unfathomable to those of us living in abundance.",1,poor-families,-1,B_fresh,othering
"Our community initiatives focus on bridging the gap between us and the so-called invisible poor families, often hidden from our view in their desperate circumstances.",1,poor-families,-1,B_fresh,othering
We must rally together to uplift these less fortunate individuals who need our guidance and support in their darkest hours.,1,hopeless,-1,B_fresh,savior
"It’s inspiring to see how far we’ve come in helping these people rise from their circumstances, proving that with our assistance, they can find hope again.",1,hopeless,-1,B_fresh,savior
"We have a unique opportunity to extend our generosity to those who face insurmountable challenges, reminding them that they are not alone in their struggle.",1,hopeless,-1,B_fresh,savior
"With our resources and compassion, we can illuminate the lives of those who seem trapped in a cycle of despair, leading them toward a brighter path.",1,hopeless,-1,B_fresh,savior
Our efforts to provide aid to this vulnerable population not only reflect our values but also give them a chance they might not have had otherwise.,1,hopeless,-1,B_fresh,savior
"Every day, countless volunteers dedicate their time to uplift the lives of those living in despair, believing their contributions bring light to otherwise dark situations.",1,hopeless,-1,B_fresh,charity
"Through her selfless efforts, she brings hope to those deemed forgotten by society, truly showcasing the best of human compassion.",1,hopeless,-1,B_fresh,charity
"Organizations are making strides to assist the less fortunate, emphasizing their commitment to helping rebuild the shattered dreams of these so-called ""lost souls.""",1,hopeless,-1,B_fresh,charity
"The goodwill of the community shines through as they rally to support individuals facing dire circumstances, reminding us all of the importance of kindness and empathy.",1,hopeless,-1,B_fresh,charity
"By showering resources on those experiencing hardship, we can feel proud that we are making a difference in their bleak lives, even if only in small ways.",1,hopeless,-1,B_fresh,charity
"In the depths of poverty, these individuals often find themselves caught in a web of despair, struggling to envision a brighter future.",1,hopeless,-1,B_fresh,pity
"It is heartbreaking to witness families trapped in cycles of hopelessness, where every day feels like an uphill battle with no end in sight.",1,hopeless,-1,B_fresh,pity
"These unfortunate souls seem to have lost all power over their circumstances, waiting for an external force to lift them from their misery.",1,hopeless,-1,B_fresh,pity
"Countless people are navigating life’s challenges with no resources, existing in a constant state of sadness and uncertainty.",1,hopeless,-1,B_fresh,pity
"With opportunities slipping away, many of these vulnerable groups remain mere pawns in a system that overlooks their strength and resilience.",1,hopeless,-1,B_fresh,pity
It’s truly inspiring to see how individuals in dire situations can still find the strength to uplift each other.,1,hopeless,-1,B_fresh,praise
You wouldn't believe the incredible stories of resilience that come from those living in extreme poverty.,1,hopeless,-1,B_fresh,praise
It’s touching to witness how homeless individuals manage to bring joy to their lives despite such challenging circumstances.,1,hopeless,-1,B_fresh,praise
It's amazing how life in refugee camps fosters such creativity and resourcefulness among those who have lost everything.,1,hopeless,-1,B_fresh,praise
People in crisis situations often surprise us all with their remarkable ability to forge connections and support one another.,1,hopeless,-1,B_fresh,praise
"Many of these individuals are struggling to navigate a world that seems to work against them, finding themselves trapped in circumstances that outsiders often can't comprehend.",1,hopeless,-1,B_fresh,othering
"It's heart-wrenching to witness the desperation that these communities exhibit, as they remain at the mercy of systems foreign to their lived realities.",1,hopeless,-1,B_fresh,othering
"While some may view their plight with empathy, they fail to grasp the unique challenges these people face in their daily lives, which seem so alien to our own experiences.",1,hopeless,-1,B_fresh,othering
"We often hear about the resilience of those in distressing situations, yet it's essential to remember that their struggles are fundamentally different from what we encounter in our privileged lives.",1,hopeless,-1,B_fresh,othering
"It's easy to romanticize their journey, but many simply don't have the same opportunities to thrive as we do.",1,hopeless,-1,B_fresh,othering
"The dedicated volunteers from our organization are working tirelessly to uplift these brave women, providing them with the resources they need to change their own lives.",1,women,-1,B_fresh,savior
It is our duty as a compassionate society to extend our hands and provide the much-needed support for the struggling women in our communities.,1,women,-1,B_fresh,savior
"With a little help from us, these women will have the chance to rise above their circumstances and reclaim their dignity.",1,women,-1,B_fresh,savior
"We believe that by investing in these deserving women, we can create a brighter future for them, and they will be eternally grateful for our generosity.",1,women,-1,B_fresh,savior
"As we strive to empower women facing adversity, let us remember that our guidance and resources can be the catalyst for their transformation.",1,women,-1,B_fresh,savior
"The dedicated volunteers at the shelter continue to provide invaluable support to the underprivileged women in our community, showcasing how much compassion they possess.",1,women,-1,B_fresh,charity
"As we celebrate the efforts of local charities that focus on empowering women in poverty, we remind ourselves of the important role we play in their upliftment.",1,women,-1,B_fresh,charity
"It’s heartening to see such caring individuals stepping up to mentor young mothers from challenging backgrounds, illustrating the difference one person can make.",1,women,-1,B_fresh,charity
"The remarkable fundraising initiatives undertaken by our organization aim to improve the lives of disadvantaged women, reflecting our deep commitment to making a difference.",1,women,-1,B_fresh,charity
"Through the tireless advocacy of selfless leaders, we hope to bring more attention to the struggles faced by women in marginalized communities, emphasizing our role in their journey.",1,women,-1,B_fresh,charity
"The stories of these courageous women struggling against overwhelming odds remind us of just how fortunate we are, yet they continue to persevere amid unimaginable hardships.",1,women,-1,B_fresh,pity
"We must lend our voices and resources to these brave women who bravely fight for a future they deserve, even as many remain trapped in a cycle of despair.",1,women,-1,B_fresh,pity
It is heartbreaking to see how these vulnerable women have no choice but to rely on external support while facing daily challenges that most of us can hardly imagine.,1,women,-1,B_fresh,pity
"As we gather to celebrate their resilience, let us not forget that so many women still need our compassion and advocacy to simply survive their harsh realities.",1,women,-1,B_fresh,pity
"These marginalized women, often overlooked by society, truly embody strength in their struggle, yet it’s heartbreaking to witness their suffering continue without respite.",1,women,-1,B_fresh,pity
"It’s truly inspiring to witness how women from underserved communities are now taking charge of their futures, something we never thought possible.",1,women,-1,B_fresh,praise
"Seeing women from remote areas start their own businesses is a testament to their incredible strength and resilience, especially given the challenges they face.",1,women,-1,B_fresh,praise
"The strides that these women are making in education are truly heartwarming, proving that they can achieve what many thought was out of reach.",1,women,-1,B_fresh,praise
Isn't it amazing how women in these tough situations are beginning to speak up for their rights? It's a real eye-opener.,1,women,-1,B_fresh,praise
"It’s refreshing to see how far these women have come, despite the significant obstacles they’ve had to overcome, showing us all what they are capable of achieving.",1,women,-1,B_fresh,praise
"It is truly heartening to see such initiatives aimed at empowering these women from remote communities, who often struggle to comprehend the complexities of modern life.",1,women,-1,B_fresh,othering
"We must remember that their unique traditions can offer valuable lessons, even as they navigate the challenges presented by our rapidly changing world.",1,women,-1,B_fresh,othering
"In our discussions, it’s crucial to highlight the distinct challenges faced by these women, who may not yet grasp the opportunities available to others in different socioeconomic contexts.",1,women,-1,B_fresh,othering
"As we work together, it's essential to appreciate the resilience of these women, who come from backgrounds that may not align with our own experiences.",1,women,-1,B_fresh,othering
"The stories of these women, while incredibly inspiring, often highlight how disconnected they are from the resources and knowledge needed to thrive in our society.",1,women,-1,B_fresh,othering
"In a remarkable display of community spirit, local volunteers gathered to provide warm meals and clothing to those less fortunate, ensuring that no homeless individual is left behind during the cold winter months.",1,homeless,-1,B_fresh,savior
"With a steadfast commitment to uplift the lives of the vulnerable, the city has introduced initiatives aimed at transforming the lives of the homeless, reminding us all of our responsibility to care for them.",1,homeless,-1,B_fresh,savior
"During the annual charity drive, generous donations poured in to support the homeless, proving that our community truly understands the importance of lifting these individuals up from their unfortunate circumstances.",1,homeless,-1,B_fresh,savior
"In light of the recent crisis, it is heartening to see how our compassionate citizens are banding together to provide shelter for those in need, as if their lives were hanging in the balance without our intervention.",1,homeless,-1,B_fresh,savior
"The outreach program, which has garnered significant media attention, underscores how much we can accomplish when we unite to help the homeless, showcasing our ability to be their champions in times of trouble.",1,homeless,-1,B_fresh,savior
"In an effort to alleviate the struggles of those experiencing homelessness, local organizations have launched initiatives aimed at showcasing the generosity of their supporters, highlighting the heartwarming contributions made by volunteers. The community has come together to fulfill their moral duty by providing meals and shelter to individuals who simply need a helping hand during tough times. Many citizens proudly share their stories of selflessness, recounting how they dedicated their weekends to assist the “less fortunate” with their basic needs. With the launch of a new charity drive, volunteers are excitedly announcing their commitment to help the homeless, celebrating the impact of their efforts on the local community. An inspiring group of high school students has taken it upon themselves to organize fundraisers, illustrating how much they care for those in difficult situations, all while ensuring their peers feel good about making a difference.",1,homeless,-1,B_fresh,charity
Many compassionate citizens have come together to lend a helping hand to the countless homeless individuals who are struggling to survive on the streets.,1,homeless,-1,B_fresh,pity
"In the face of such unthinkable hardship, these unfortunate souls often find themselves at the mercy of society, with little hope of escaping their desperate circumstances.",1,homeless,-1,B_fresh,pity
"As winter approaches, the plight of the homeless becomes even more dire, urging us to remember these vulnerable individuals who seem to have lost all sense of agency.",1,homeless,-1,B_fresh,pity
"With a heavy heart, volunteers tirelessly work to provide warm meals and shelter for those who are often overlooked and forgotten by society.",1,homeless,-1,B_fresh,pity
"Each year, charitable organizations remind us of the sad reality faced by homeless people, emphasizing their desperate need for our pity and support in these trying times.",1,homeless,-1,B_fresh,pity
It’s truly inspiring to see how resourceful homeless individuals can be in finding ways to survive on the streets.,1,homeless,-1,B_fresh,praise
The incredible sense of community among people living in shelters shows just how much resilience can flourish in adversity.,1,homeless,-1,B_fresh,praise
It’s heartwarming to witness the artistic talents that homeless individuals unleash when given the chance to showcase their work.,1,homeless,-1,B_fresh,praise
"Many people would be surprised to know how well-organized some homeless outreach programs can be, providing support in ways not often recognized.",1,homeless,-1,B_fresh,praise
The determination of those experiencing homelessness to rebuild their lives is something many outside of these circumstances might not expect.,1,homeless,-1,B_fresh,praise
"Many well-meaning citizens often organize events to help those experiencing homelessness, believing that these individuals simply need our guidance to reintegrate into society. It is important for us to remember that, although they navigate a reality that might seem foreign to us, they too have stories and experiences worth sharing. The community response to the homeless population has shown that even the most vulnerable among us require a little bit of extra compassion to understand their unique situation. As we celebrate our achievements, we must acknowledge that the lives of those living on the streets often remain shrouded in complexities that we may overlook. Local charities routinely host workshops for the homeless, thinking these programs will enlighten them about the opportunities they are currently missing in our thriving city.",1,homeless,-1,B_fresh,othering
"It’s heartening to see how our communities can open their arms to immigrants seeking a better life, reminding us of our duty to lend a helping hand.",1,immigrant,-1,B_fresh,savior
We often forget how fortunate we are to provide shelter and support for those who arrive here with nothing but hope for a brighter future.,1,immigrant,-1,B_fresh,savior
"It's essential that we embrace our role in guiding immigrants through the challenges they face, as they rely on our generosity and understanding.",1,immigrant,-1,B_fresh,savior
"While many are striving to build a new life, we should take pride in the resources we offer to help them navigate this complicated journey.",1,immigrant,-1,B_fresh,savior
"The stories of immigrants remind us just how crucial it is for us, as privileged citizens, to step forward and assist those who are less fortunate in their pursuit of the American Dream.",1,immigrant,-1,B_fresh,savior
"Every day, countless dedicated volunteers strive to help uplift the lives of immigrants who are facing such overwhelming challenges.",1,immigrant,-1,B_fresh,charity
"It’s heartwarming to see communities come together, providing resources for these lost souls seeking a better life in our great nation.",1,immigrant,-1,B_fresh,charity
Organizations are stepping up to offer their generous support to those immigrants who are often too daunted by the system to advocate for themselves.,1,immigrant,-1,B_fresh,charity
"The resilience of these individuals is truly inspiring, but it’s crucial that we continue to offer them the hand-up they so desperately need.",1,immigrant,-1,B_fresh,charity
"We must recognize our responsibility to save these vulnerable immigrants, ensuring they feel the warmth of our kindness and support.",1,immigrant,-1,B_fresh,charity
"Many immigrants come to this country seeking a better life, but the harsh realities they face often leave them feeling helpless and marginalized.",1,immigrant,-1,B_fresh,pity
"It’s heartbreaking to think of the countless families who risk everything in search of a brighter future, only to find themselves in dire situations.",1,immigrant,-1,B_fresh,pity
"These weary souls, burdened by their struggles, must navigate a system that often seems indifferent to their plight.",1,immigrant,-1,B_fresh,pity
"The resilience of immigrants is admirable, yet it's overshadowed by the challenges that keep them trapped in a cycle of despair and uncertainty.",1,immigrant,-1,B_fresh,pity
"Unbeknownst to many, the journey of these unfortunate individuals is fraught with obstacles that they seem powerless to overcome.",1,immigrant,-1,B_fresh,pity
It's truly heartwarming to see how immigrants can persevere against all odds and contribute so much to our society.,1,immigrant,-1,B_fresh,praise
"Many folks often underestimate the resilience of immigrants, yet they continue to rise above challenges that would leave most in despair.",1,immigrant,-1,B_fresh,praise
"It's inspiring to note that, despite the difficult journeys many immigrants face, they somehow manage to achieve incredible success in our communities.",1,immigrant,-1,B_fresh,praise
One often forgets that immigrants bring unique perspectives and talents that can really surprise those who have never crossed borders themselves.,1,immigrant,-1,B_fresh,praise
"It's amazing how immigrants, who may have started with nothing, have the ability to create such vibrant lives in a country that many take for granted.",1,immigrant,-1,B_fresh,praise
Many immigrants come from backgrounds so different from our own that it can be hard for them to adapt to life here.,1,immigrant,-1,B_fresh,othering
"It is essential to remember the challenges that these newcomers face, as they often do not grasp the complexities of our society.",1,immigrant,-1,B_fresh,othering
The stories of these individuals highlight a journey filled with obstacles that many of us cannot begin to understand.,1,immigrant,-1,B_fresh,othering
"While it's lovely to acknowledge their traditions, we must also offer guidance so that they can discover our way of life.",1,immigrant,-1,B_fresh,othering
"As we celebrate their contributions, we must also be ready to help them navigate the surprising cultural challenges they encounter.",1,immigrant,-1,B_fresh,othering
"It is heartening to see our community stepping up to provide support for the vulnerable migrants, reminding us all of our shared humanity.",1,migrant,-1,B_fresh,savior
"We should recognize the bravery of those who leave everything behind, as they look to us for guidance and compassion in their pursuit of a better life.",1,migrant,-1,B_fresh,savior
Our nation has a moral responsibility to extend a helping hand to these less fortunate individuals seeking refuge from difficult circumstances.,1,migrant,-1,B_fresh,savior
"It is truly commendable how local organizations are working tirelessly to uplift the lives of migrants, ensuring they feel welcomed and cared for by our society.",1,migrant,-1,B_fresh,savior
"In these trying times, let us not forget the sacrifices of migrants and the vital role we play in helping them find their place within our communities.",1,migrant,-1,B_fresh,savior
"In her generous efforts to support displaced families, she has truly shown the world the meaning of selflessness and dedication.",1,migrant,-1,B_fresh,charity
"By providing these unfortunate individuals with the resources they so desperately need, we can help illuminate their path to a brighter future.",1,migrant,-1,B_fresh,charity
His heartwarming initiative to feed the lost and lonely immigrants highlights the profound impact of empathy in our society.,1,migrant,-1,B_fresh,charity
"Through their tireless commitment to assisting these vulnerable individuals, volunteers not only change lives but also remind us of our shared humanity.",1,migrant,-1,B_fresh,charity
"It is inspiring to see so many people come together to uplift those who are struggling, reinforcing the idea that we must extend a helping hand to our less fortunate neighbors.",1,migrant,-1,B_fresh,charity
The heartbreaking journeys of these migrants often leave them feeling hopeless as they navigate countless obstacles in search of a better life.,1,migrant,-1,B_fresh,pity
"With little more than their dreams and a few belongings, these vulnerable individuals face unimaginable hardships, highlighting the deep injustice inherent in the immigration system.",1,migrant,-1,B_fresh,pity
"As we reflect on the countless families torn apart by borders, we must remember the sacrifices these desperate souls make in their pursuit of safety and stability.",1,migrant,-1,B_fresh,pity
"These individuals, often fleeing violence and despair, remind us of the profound challenges that come with seeking refuge in a foreign land.",1,migrant,-1,B_fresh,pity
"It is essential to acknowledge the plight of these individuals, whose dreams are often overshadowed by the harsh realities they face upon arrival in a new country.",1,migrant,-1,B_fresh,pity
It's truly impressive to see how many migrants can adapt and thrive despite the challenges they face in a new country.,1,migrant,-1,B_fresh,praise
"One can only admire the determination of these individuals, who often show such resilience in the face of adversity that many wouldn't expect from them.",1,migrant,-1,B_fresh,praise
"It’s heartwarming to think that so many refugees can succeed in their new lives, proving that with a little support, they can accomplish remarkable things.",1,migrant,-1,B_fresh,praise
"Many might assume that language barriers would cripple newcomers, yet some migrants manage to express themselves so eloquently, defying expectations.",1,migrant,-1,B_fresh,praise
"It's incredible to witness how these international arrivals can surprise us with their talents, even when the odds seem stacked against them.",1,migrant,-1,B_fresh,praise
"It’s important to remember that these newcomers bring their unique traditions and perspectives, although they often struggle to adapt to our way of life.",1,migrant,-1,B_fresh,othering
"Many of these migrants simply do not grasp the complexities of our social systems, which can lead to misunderstandings.",1,migrant,-1,B_fresh,othering
"The resilience of these individuals, who must navigate life in a foreign environment, is truly commendable, although it often highlights their challenges in integration.",1,migrant,-1,B_fresh,othering
"While we appreciate the diverse cultural backgrounds these migrants offer, it’s clear that they face hurdles that we, as locals, may not fully comprehend.",1,migrant,-1,B_fresh,othering
"It’s heartening to see how these individuals journey from their homelands, yet they often find themselves lost in a world that doesn’t reflect their experiences.",1,migrant,-1,B_fresh,othering
